use ecommerce;

insert into supplier (SUPP_NAME, SUPP_CITY, SUPP_PHONE) values 
	("Rajesh Retails", "Delhi", "1234567890"),
	("Appario Ltd.", "Mumbai", "2589631470"),
	("Knome products", "Banglore", "9785462315"),
	("Bansal Retails", "Kochi", "8975463285"),
	("Mittal Ltd.", "Lucknow", "7898456532");

insert into customer (CUS_NAME, CUS_PHONE, CUS_CITY, CUS_GENDER) values
	("AAKASH", "9999999999", "DELHI",   "M"),
	("AMAN",	  "9785463215", "NOIDA",   "M"),
	("NEHA",   "9999999999", "MUMBAI",  "F"),
	("MEGHA",  "9994562399", "KOLKATA", "F"),
	("PULKIT", "7895999999", "LUCKNOW", "M");

insert into category (CAT_NAME) values
	("BOOKS"),
	("GAMES"),
	("GROCERIES"),
	("ELECTRONICS"),
	("CLOTHES");

insert into product (PRO_NAME, PRO_DESC, CAT_ID) values
	("GTA V" 					,"Windows 7 and above with i5 processor and 8GB RAM"	 		,2),
	("TSHIRT" 					,"SIZE-L with Black, Blue and White variations" 				,5),
	("ROG LAPTOP" 				,"Windows 10 with 15inch screen, i7 processor, 1TB SSD" 		,4),
	("OATS" 					,"Highly Nutritious from Nestle" 								,3),
	("HARRY POTTER" 			,"Best Collection of all time by J.K Rowling" 					,1),
	("MILK" 					,"1L Toned MIlk" 												,3),
	("Boat Earphones" 			,"1.5Meter long Dolby Atmos" 									,4),
	("Jeans" 					,"Stretchable Denim Jeans with various sizes and color" 		,5),
	("Project IGI" 				,"compatible with windows 7 and above" 							,2),
	("Hoodie" 					,"Black GUCCI for 13 yrs and above" 							,5),
	("Rich Dad Poor Dad"	 	,"Written by RObert Kiyosaki" 									,1),
	("Train Your Brain" 		,"By Shireen Stephen" 											,1);

insert into supplier_pricing(PRO_ID, SUPP_ID, SUPP_PRICE) values
	(1, 2, 1500),
	(3, 5, 30000),
	(5, 1, 3000),
	(2, 3, 2500),
	(4, 1, 1000);

insert into `order` (ORD_ID, ORD_AMOUNT, ORD_DATE, CUS_ID, PRICING_ID) values
	(101, 1500 	,"2021/10/06", 2, 1),
	(102, 1000 	,"2021/10/12", 3, 5),
	(103, 30000	,"2021/09/16", 5, 2),
	(104, 1500 	,"2021/10/05", 1, 1),
	(105, 3000 	,"2021/08/16", 4, 3),
	(106, 1450 	,"2021/08/18", 1, 3),
	(107, 789 	,"2021/09/01", 3, 2),
	(108, 780 	,"2021/09/07", 5, 5),
	(109, 3000 	,"2021/00/10", 5, 3),
	(110, 2500 	,"2021/09/10", 2, 4),
	(111, 1000 	,"2021/09/15", 4, 5),
	(112, 789 	,"2021/09/16", 4, 1),
	(113, 31000	,"2021/09/16", 1, 2),
	(114, 1000 	,"2021/09/16", 3, 5),
	(115, 3000 	,"2021/09/16", 5, 3),
	(116, 99 	,"2021/09/17", 2, 4);

insert into rating (ORD_ID, RAT_RATSTARS) values
	(101, 4),
	(102, 3),
	(103, 1),
	(104, 2),
	(105, 4),
	(106, 3),
	(107, 4),
	(108, 4),
	(109, 3),
	(110, 5),
	(111, 3),
	(112, 4),
	(113, 2),
	(114, 1),
	(115, 1),
	(116, 0);